feature,mendeley_mean,kaggle_mean,psi,ks,ks_p
age,27.07577174929841,28.629213483146067,0.4737364542524446,0.14276494886536825,4.693933417002736e-06
sbp,116.79494382022472,110.55309734513274,0.4172323704847777,0.14765006131715885,1.6435480380703095e-06
dbp,77.35607476635514,75.41814159292035,0.11570316680743177,0.06594160946158299,0.11943453915089157
body_temp,98.40764925373135,98.6924778761062,0.13056312539120343,0.0781105534275525,0.03869456529852755
heart_rate,75.96918767507003,74.09756097560975,1.917176894594085,0.21306527045407964,4.104082924639964e-13
bs,7.460662931839403,8.346172566371681,3.283018909569829,0.3100547003462152,1.582326077547984e-27
pulse_pressure,39.443820224719104,35.13495575221239,0.1992353746494189,0.18094362135825792,1.4402526462592941e-09
map,90.49906367041199,87.12979351032449,0.3039108981653812,0.11495310065957376,0.0004064030990570944
shock_index,0.6668082204211294,0.6896603972993812,0.24018358221309147,0.10224701122362677,0.00241632499015683
